millis,event,sequence,route,method,uri,duration_ms,started_ms,free_heap,min_free_heap,largest_free_block,max_alloc_heap,wifi_status,wifi_mode,rssi,ap_stations,using_leaf_wifi,provisioning,current_task
29555,"start",1,"GET /generate_204","GET","/generate_204",0,29543,81764,35600,31732,31732,6,3,0,1,1,1,"loopTask"
29573,"end",1,"GET /generate_204","GET","/generate_204",24,29543,76028,35600,31732,31732,6,3,0,1,1,1,"loopTask"
32241,"start",2,"GET /generate_204","GET","/generate_204",0,32235,77384,35600,31732,31732,6,3,0,1,1,1,"loopTask"
32256,"end",2,"GET /generate_204","GET","/generate_204",14,32235,75400,35600,31732,31732,6,3,0,1,1,1,"loopTask"
32332,"start",3,"GET /wifi","GET","/wifi",0,32326,77140,35600,31732,31732,6,3,0,1,1,1,"loopTask"
32350,"end",3,"GET /wifi","GET","/wifi",14,32326,77132,35600,31732,31732,6,3,0,1,1,1,"loopTask"
32396,"start",4,"GET /generate_204","GET","/generate_204",0,32389,71464,35600,31732,31732,6,3,0,1,1,1,"loopTask"
32410,"end",4,"GET /generate_204","GET","/generate_204",14,32389,71464,35600,31732,31732,6,3,0,1,1,1,"loopTask"
32430,"start",5,"GET /api/wifi/networks","GET","/api/wifi/networks",0,32422,71436,35600,31732,31732,6,3,0,1,1,1,"loopTask"
32444,"end",5,"GET /api/wifi/networks","GET","/api/wifi/networks",15,32422,69108,35600,31732,31732,6,3,0,1,1,1,"loopTask"
32470,"start",6,"NOT_FOUND","GET","/favicon.ico",0,32464,74268,35600,31732,31732,6,3,0,1,1,1,"loopTask"
32485,"end",6,"NOT_FOUND","GET","/favicon.ico",13,32464,74060,35600,31732,31732,6,3,0,1,1,1,"loopTask"
32501,"start",7,"GET /generate_204","GET","/generate_204",0,32494,74248,35600,31732,31732,6,3,0,1,1,1,"loopTask"
32517,"end",7,"GET /generate_204","GET","/generate_204",15,32494,74248,35600,31732,31732,6,3,0,1,1,1,"loopTask"
32533,"start",8,"GET /wifi","GET","/wifi",0,32527,77096,35600,31732,31732,6,3,0,1,1,1,"loopTask"
32550,"end",8,"GET /wifi","GET","/wifi",14,32527,77104,35600,31732,31732,6,3,0,1,1,1,"loopTask"
38233,"start",9,"POST /api/wifi/connect","POST","/api/wifi/connect",0,38227,77048,35600,31732,31732,6,3,0,1,1,1,"loopTask"
38285,"end",9,"POST /api/wifi/connect","POST","/api/wifi/connect",51,38227,73832,35600,31732,31732,6,3,0,1,1,1,"loopTask"
38728,"start",10,"GET /api/wifi/status","GET","/api/wifi/status",0,38721,75832,35600,31732,31732,0,3,-55,1,1,1,"loopTask"
38752,"end",10,"GET /api/wifi/status","GET","/api/wifi/status",24,38721,75832,35600,31732,31732,0,3,-55,1,1,1,"loopTask"
40284,"start",11,"GET /api/wifi/status","GET","/api/wifi/status",0,40278,75956,35600,31732,31732,3,3,-55,1,1,1,"loopTask"
40309,"end",11,"GET /api/wifi/status","GET","/api/wifi/status",25,40278,72008,35600,31732,31732,3,3,-55,1,1,1,"loopTask"
59760,"start",12,"GET /app","GET","/app",0,59753,83728,22044,31732,31732,3,1,-60,0,0,0,"loopTask"
59865,"end",12,"GET /app","GET","/app",105,59753,81692,22044,31732,31732,3,1,-60,0,0,0,"loopTask"
59935,"start",13,"GET /api/user/status","GET","/api/user/status",0,59928,75668,22044,31732,31732,3,1,-60,0,0,0,"loopTask"
59953,"end",13,"GET /api/user/status","GET","/api/user/status",16,59928,72164,22044,31732,31732,3,1,-60,0,0,0,"loopTask"
59971,"start",14,"GET /api/profiles","GET","/api/profiles",0,59965,75000,22044,31732,31732,3,1,-60,0,0,0,"loopTask"
60011,"end",14,"GET /api/profiles","GET","/api/profiles",41,59965,75000,22044,31732,31732,3,1,-60,0,0,0,"loopTask"
60037,"start",15,"GET /api/logbook","GET","/api/logbook",0,60031,77824,22044,31732,31732,3,1,-60,0,0,0,"loopTask"
60110,"end",15,"GET /api/logbook","GET","/api/logbook",71,60031,77584,22044,31732,31732,3,1,-60,0,0,0,"loopTask"
60128,"start",16,"GET /api/user-waypoints","GET","/api/user-waypoints",0,60121,80640,22044,31732,31732,3,1,-60,0,0,0,"loopTask"
60165,"end",16,"GET /api/user-waypoints","GET","/api/user-waypoints",36,60121,80640,22044,31732,31732,3,1,-60,0,0,0,"loopTask"
60189,"start",17,"GET /api/nav-data","GET","/api/nav-data",0,60183,83472,22044,31732,31732,3,1,-60,0,0,0,"loopTask"
60231,"end",17,"GET /api/nav-data","GET","/api/nav-data",42,60183,83472,22044,31732,31732,3,1,-60,0,0,0,"loopTask"
61416,"start",18,"GET /api/user-waypoints","GET","/api/user-waypoints",0,61410,83472,22044,31732,31732,3,1,-57,0,0,0,"loopTask"
61456,"end",18,"GET /api/user-waypoints","GET","/api/user-waypoints",37,61410,83472,22044,31732,31732,3,1,-57,0,0,0,"loopTask"
61473,"start",19,"GET /api/nav-data","GET","/api/nav-data",0,61467,83436,22044,31732,31732,3,1,-57,0,0,0,"loopTask"
61517,"end",19,"GET /api/nav-data","GET","/api/nav-data",44,61467,83436,22044,31732,31732,3,1,-56,0,0,0,"loopTask"
61534,"start",20,"GET /api/waypoints/files","GET","/api/waypoints/files",0,61527,83476,22044,31732,31732,3,1,-56,0,0,0,"loopTask"
61584,"end",20,"GET /api/waypoints/files","GET","/api/waypoints/files",48,61527,83476,22044,31732,31732,3,1,-56,0,0,0,"loopTask"
64276,"start",21,"POST /api/waypoints/activate","POST","/api/waypoints/activate",0,64270,83416,22044,31732,31732,3,1,-56,0,0,0,"loopTask"
64622,"end",21,"POST /api/waypoints/activate","POST","/api/waypoints/activate",345,64270,80264,22044,31732,31732,3,1,-57,0,0,0,"loopTask"
64915,"start",22,"GET /api/nav-data","GET","/api/nav-data",0,64907,83444,22044,31732,31732,3,1,-57,0,0,0,"loopTask"
65644,"end",22,"GET /api/nav-data","GET","/api/nav-data",731,64907,83444,22044,31732,31732,3,1,-56,0,0,0,"loopTask"
65674,"start",23,"GET /api/user-waypoints","GET","/api/user-waypoints",0,65667,83464,22044,31732,31732,3,1,-56,0,0,0,"loopTask"
65711,"end",23,"GET /api/user-waypoints","GET","/api/user-waypoints",36,65667,83464,22044,31732,31732,3,1,-56,0,0,0,"loopTask"
78448,"start",24,"POST /api/routes/save","POST","/api/routes/save",0,78442,83160,22044,31732,31732,3,1,-58,0,0,0,"loopTask"
78715,"end",24,"POST /api/routes/save","POST","/api/routes/save",267,78442,80004,22044,31732,31732,3,1,-57,0,0,0,"loopTask"
